<domain type='kvm'>
    <name>openEulerVM01</name>
    <memory unit='GiB'>8</memory>
    <vcpu>4</vcpu>
    <os>
	<type arch='aarch64' machine='virt'>hvm</type>
	<loader readonly='yes' type='pflash'>/usr/share/edk2/aarch64/QEMU_EFI-pflash.raw</loader>
    </os>
    <features>
	<acpi/>
	<gic version='3'/>
    </features>
    <cpu mode='host-passthrough'>
        <topology sockets='2' cores='2' threads='1'/>
    </cpu>
    <iothreads>1</iothreads>
    <clock offset='utc'/>
    <on_poweroff>destroy</on_poweroff>
    <on_reboot>restart</on_reboot>
    <on_crash>restart</on_crash>
    <devices>
	<emulator>/usr/libexec/qemu-kvm</emulator>
	<disk type='file' device='disk'>
	    <driver name='qemu' type='qcow2' iothread="1"/>
	    <source file='/home/openEuler-image01.qcow2'/>
	    <target dev='vda' bus='virtio'/>
	    <boot order='1'/>
	</disk>
	<disk type='file' device='cdrom'>
	    <driver name='qemu' type='raw'/>
	    <source file='/home/openEuler-20.03-LTS-aarch64-dvd.iso'/>
	    <readonly/>
	    <target dev='sdb' bus='scsi'/>
	    <boot order='2'/>
	</disk>
	<interface type='bridge'>
	    <source bridge='br0'/>
	    <model type='virtio'/>
	</interface>
	<interface type='bridge'>
	    <source bridge='br1'/>
	    <model type='virtio'/>
	</interface>
	<console type='pty'/>
        <video>
           <model type='virtio'/>
        </video>
        <controller type='scsi' index='0' model='virtio-scsi'/>
	<controller type='usb' model='ehci'/>
	<input type='tablet' bus='usb'/>
	<input type='keyboard' bus='usb'/>
	<graphics type='vnc' listen='0.0.0.0' passwd='Euler001'/>
    </devices>
    <seclabel type='dynamic' model='dac' relabel='yes'/>
</domain>
