<?xml version="1.0" encoding="UTF-8" ?>
<!DOCTYPE struts PUBLIC "-//Apache Software Foundation//DTD Struts Configuration 2.1//EN"
        "http://struts.apache.org/dtds/struts-2.1.dtd">
<struts>
    <package name="default" namespace="/" extends="struts-default">
        <action name="login" class="com.example.experiment6.action.LoginAction">
            <result name="success">/success.jsp</result>
            <result name="input">/login.jsp</result>
            <result name="error">/error.jsp</result>
        </action>
    </package>

    <constant name="struts.configuration.xml.reload" value="true"/>
</struts>
