<?xml version="1.0" encoding="UTF-8" ?>
<!DOCTYPE configuration
        PUBLIC "-//mybatis.org//DTD Config 3.0//EN"
        "http://mybatis.org/dtd/mybatis-3-config.dtd">
<configuration>
    <typeAliases>
        <package name="com.example.experiment8.model"/>
    </typeAliases>
    <environments default="development">
        <environment id="development">
            <transactionManager type="JDBC"/>
            <dataSource type="POOLED">
                <property name="driver"
                          value="com.cj.mysql.jdbc.Driver"/>
                <property name="url" value="jdbc:mysql://localhost:3306/test?characterEncoding=UTF-8"/>
                <property name="username" value="root"/>
                <property name="password" value="hcy123450"/>
            </dataSource>
        </environment>
    </environments>
    <mappers>
        <mapper resource="mapper/userMapper.xml"/>
    </mappers>
</configuration>